[
  {
    "_id": 1,
	 "title": "John Doe",
    "image": "http://3.bp.blogspot.com/-bTWNRjookMQ/VYGjnv5nKtI/AAAAAAAAA08/wXshQ9sNDeU/s100-c/blank-792125_1280.jpg"
  },
  {
    "_id": 2,
	 "title": "Admin",
    "image": "http://2.bp.blogspot.com/-YytBQ-VwmQc/VYGjnsxx_yI/AAAAAAAAA04/uncM-5p5MbI/s100-c/board-761586_1280.jpg"
  },
  {
    "_id": 3,
	 "title": "Max",
    "image": "http://1.bp.blogspot.com/-M0fdr0xWaaA/VYGjpZwTflI/AAAAAAAAA1I/f3sxnFuhMCc/s100-c/business-792113_1280.jpg"
  },
  {
    "_id": 4,
	 "title": "David",
    "image": "http://3.bp.blogspot.com/-IvUXSLYsXwk/VYGjs7E23CI/AAAAAAAAA1Q/RDJcktzwYzQ/s100-c/cactus-787931_1280.jpg"
  },
  {
    "_id": 5,
	 "title": "Michael",
    "image": "http://1.bp.blogspot.com/-IMsTheNxIqo/VYGjyM2hLiI/AAAAAAAAA1g/ZQO2uRgQSU4/s100-c/cappadocia-805624_1280.jpg"
  },
  {
    "_id": 6,
	 "title": "Robert",
    "image": "http://3.bp.blogspot.com/-zR75pEKCSSU/VYGjwNogrmI/AAAAAAAAA1Y/xgPrSXra3fE/s100-c/darts-102919_1280.jpg"
  },
  {
    "_id": 7,
	 "title": "Christian",
    "image": "http://1.bp.blogspot.com/-F508t9rbLAs/VYGj6BK-O1I/AAAAAAAAA1o/aPlZysKleoI/s100-c/darts-155726_1280.png"
  },
  {
    "_id": 8,
	 "title": "Thomas",
    "image": "http://3.bp.blogspot.com/-PzPenQ-FGz0/VYGj9bPPbCI/AAAAAAAAA1w/0xw6K-h5bz0/s100-c/girl-785304_1280.jpg"
  },
  {
    "_id": 9,
	 "title": "Richard",
    "image": "http://4.bp.blogspot.com/-Ips46dmnU6M/VYGj9ubrwyI/AAAAAAAAA10/pa7wuEboOdg/s100-c/monkey-161227_1280.png"
  },
  {
    "_id": 10,
	 "title": "William",
    "image": "http://1.bp.blogspot.com/-BdewC981JO4/VYGkBpTdmOI/AAAAAAAAA2A/l1M0YOVSYiU/s100-c/pamukkale-14984_1280.jpg"
  },
  {
    "_id": 11,
	 "title": "Mary",
    "image": "http://4.bp.blogspot.com/-hof2H_08j5E/VYGkEIxqg8I/AAAAAAAAA2I/i9zwpSI1DoI/s100-c/stork-782060_1280.jpg"
  },
  {
    "_id": 12,
	 "title": "Daniel",
    "image": "http://4.bp.blogspot.com/-Ips46dmnU6M/VYGj9ubrwyI/AAAAAAAAA10/pa7wuEboOdg/s100-c/monkey-161227_1280.png"
  }
]