[
  {
    "_id": 1,
	 "title": "Math",
    "image": "http://3.bp.blogspot.com/-bTWNRjookMQ/VYGjnv5nKtI/AAAAAAAAA08/wXshQ9sNDeU/s100-c/blank-792125_1280.jpg",
	 "message" : "Haii"
  },
  {
    "_id": 2,
	 "title": "Physique-Chimie",
    "image": "http://2.bp.blogspot.com/-YytBQ-VwmQc/VYGjnsxx_yI/AAAAAAAAA04/uncM-5p5MbI/s100-c/board-761586_1280.jpg",
	 "message" : "Test messages"
  },
  {
    "_id": 3,
	 "title": "Anglais",
    "image": "http://1.bp.blogspot.com/-M0fdr0xWaaA/VYGjpZwTflI/AAAAAAAAA1I/f3sxnFuhMCc/s100-c/business-792113_1280.jpg",
	 "message" : "A long message with hello world, beep beep"
  },
  {
    "_id": 4,
	 "title": "Espagnol",
    "image": "http://3.bp.blogspot.com/-IvUXSLYsXwk/VYGjs7E23CI/AAAAAAAAA1Q/RDJcktzwYzQ/s100-c/cactus-787931_1280.jpg",
	 "message" : "Lorem ipsum"
  },
  {
    "_id": 5,
	 "title": "SVT",
    "image": "http://1.bp.blogspot.com/-IMsTheNxIqo/VYGjyM2hLiI/AAAAAAAAA1g/ZQO2uRgQSU4/s100-c/cappadocia-805624_1280.jpg",
	 "message" : "Lorem ipsum dolor sit amet, consectetuer"
  },
  {
    "_id": 6,
	 "title": "Histoire-Géographie",
    "image": "http://3.bp.blogspot.com/-zR75pEKCSSU/VYGjwNogrmI/AAAAAAAAA1Y/xgPrSXra3fE/s100-c/darts-102919_1280.jpg",
	 "message" : "Lorem ipsum dolor sit amet, consectetuer"
  },
  {
    "_id": 8,
	 "title": "Economie",
    "image": "http://3.bp.blogspot.com/-PzPenQ-FGz0/VYGj9bPPbCI/AAAAAAAAA1w/0xw6K-h5bz0/s100-c/girl-785304_1280.jpg",
	 "message" : "Lorem ipsum dolor sit amet, consectetuer"
  },
  {
    "_id": 9,
	 "title": "Philosophie",
    "image": "http://4.bp.blogspot.com/-Ips46dmnU6M/VYGj9ubrwyI/AAAAAAAAA10/pa7wuEboOdg/s100-c/monkey-161227_1280.png",
	 "message" : "Lorem ipsum dolor sit amet, consectetuer"
  }
  
]