[
  {
    "_id": 1,
	 "title": "Awesome Image Post from Admin",
    "image": "https://www.planeteprofs.com/wp-content/uploads/2016/03/Planete-Profs_Final-Logo_01.jpg",
	 "image_full": "https://www.planeteprofs.com/wp-content/uploads/2016/03/Planete-Profs_Final-Logo_01.jpg"
  },
  {
    "_id": 2,
	 "title": "Awesome Image Post from Admin",
    "image": "https://www.planeteprofs.com/wp-content/uploads/2015/02/encart-actu-001.png",
	 "image_full": "https://www.planeteprofs.com/wp-content/uploads/2015/02/encart-actu-001.png"
  },
  {
    "_id": 3,
	 "title": "Awesome Image Post from Admin",
    "image": "https://www.planeteprofs.com/wp-content/uploads/2015/02/elearning.jpg",
	 "image_full": "https://www.planeteprofs.com/wp-content/uploads/2015/02/elearning.jpg"
  },
  {
    "_id": 4,
	 "title": "Awesome Image Post from Admin",
    "image": "https://www.planeteprofs.com/wp-content/themes/Planeteprofs/images/planete-profs-a-propos.jpg",
	 "image_full": "https://www.planeteprofs.com/wp-content/themes/Planeteprofs/images/planete-profs-a-propos.jpg"
  },
  {
    "_id": 5,
	 "title": "Awesome Image Post from Admin",
    "image": "https://www.planeteprofs.com/wp-content/uploads/2016/03/planeteprofs-2.jpg",
	 "image_full": "https://www.planeteprofs.com/wp-content/uploads/2016/03/planeteprofs-2.jpg"
  },
  {
    "_id": 6,
	 "title": "Awesome Image Post from Admin",
    "image": "https://www.planeteprofs.com/wp-content/uploads/2016/03/mathematiques-138331.jpg",
	 "image_full": "https://www.planeteprofs.com/wp-content/uploads/2016/03/mathematiques-138331.jpg"
  },
  {
    "_id": 7,
	 "title": "Awesome Image Post from Admin",
    "image": "https://www.planeteprofs.com/wp-content/uploads/2016/03/hqdefault.jpg",
	 "image_full": "https://www.planeteprofs.com/wp-content/uploads/2016/03/hqdefault.jpg"
  },
  {
    "_id": 8,
	 "title": "Awesome Image Post from Admin",
    "image": "https://www.planeteprofs.com/wp-content/uploads/2016/03/cours-particuliers-maths-et-physique-chimie-rabat-IMGH1411250247_coursdemaths.jpg",
	 "image_full": "https://www.planeteprofs.com/wp-content/uploads/2016/03/cours-particuliers-maths-et-physique-chimie-rabat-IMGH1411250247_coursdemaths.jpg"
  },
  {
    "_id": 9,
	 "title": "Awesome Image Post from Admin",
    "image": "https://www.planeteprofs.com/wp-content/uploads/2016/03/calculs.jpg",
	 "image_full": "https://www.planeteprofs.com/wp-content/uploads/2016/03/calculs.jpg"
  },
  {
    "_id": 10,
	 "title": "Awesome Image Post from Admin",
    "image": "https://www.planeteprofs.com/wp-content/uploads/2016/03/6348.jpg",
	 "image_full": "https://www.planeteprofs.com/wp-content/uploads/2016/03/6348.jpg"
  },
  {
    "_id": 11,
	 "title": "Awesome Image Post from Admin",
    "image": "https://www.planeteprofs.com/wp-content/uploads/2016/03/cours_interactifs_maths_ccm.png",
	 "image_full": "https://www.planeteprofs.com/wp-content/uploads/2016/03/cours_interactifs_maths_ccm.png"
  },
  {
    "_id": 12,
	 "title": "Awesome Image Post from Admin",
    "image": "https://www.planeteprofs.com/wp-content/uploads/2015/06/une-start-up-alsacienne-invente-bikini-connecte-ete-2015.png",
	 "image_full": "https://www.planeteprofs.com/wp-content/uploads/2015/06/une-start-up-alsacienne-invente-bikini-connecte-ete-2015.png"
  }
]